"","method","Freq","perc"
"1","BTL",0.00991818813930478,0.991818813930478
"2","Condoms",0.00547626562138121,0.547626562138121
"3","Implants",0.358104373415217,35.8104373415217
"4","Injectables",0.481596919319017,48.1596919319017
"5","IUDs",0.0225659668408527,2.25659668408527
"6","Other modern",0.0120601247265959,1.20601247265959
"7","Other traditional",0.0371485538575408,3.71485538575408
"8","Pill",0.0641314652883955,6.41314652883955
"9","Withdrawal",0.00899814279169512,0.899814279169512