"use","Freq","perc"
"0",0.734989204462053,73.4989204462053
"1",0.265010795537947,26.5010795537947